{
	"latitude": 37.8267,
	"longitude": -122.4233,
	"timezone": "America/Los_Angeles",
	"currently": {
		"time": 1564675525,
		"summary": "Mostly Cloudy",
		"icon": "partly-cloudy-day",
		"nearestStormDistance": 415,
		"nearestStormBearing": 357,
		"precipIntensity": 0,
		"precipProbability": 0,
		"temperature": 58.61,
		"apparentTemperature": 58.61,
		"dewPoint": 54.8,
		"humidity": 0.87,
		"pressure": 1017.17,
		"windSpeed": 7.48,
		"windGust": 9.49,
		"windBearing": 226,
		"cloudCover": 0.83,
		"uvIndex": 2,
		"visibility": 10,
		"ozone": 308
	},
	"minutely": {
		"summary": "Mostly cloudy for the hour.",
		"icon": "partly-cloudy-day",
		"data": [
			{
				"time": 1564675500,
				"precipIntensity": 0,
				"precipProbability": 0
			},
			{
				"time": 1564675560,
				"precipIntensity": 0,
				"precipProbability": 0
			},
			{
				"time": 1564675620,
				"precipIntensity": 0,
				"precipProbability": 0
			},
			{
				"time": 1564675680,
				"precipIntensity": 0,
				"precipProbability": 0
			},
			{
				"time": 1564675740,
				"precipIntensity": 0,
				"precipProbability": 0
			},
			{
				"time": 1564675800,
				"precipIntensity": 0,
				"precipProbability": 0
			},
			{
				"time": 1564675860,
				"precipIntensity": 0,
				"precipProbability": 0
			},
			{
				"time": 1564675920,
				"precipIntensity": 0,
				"precipProbability": 0
			},
			{
				"time": 1564675980,
				"precipIntensity": 0,
				"precipProbability": 0
			},
			{
				"time": 1564676040,
				"precipIntensity": 0,
				"precipProbability": 0
			},
			{
				"time": 1564676100,
				"precipIntensity": 0,
				"precipProbability": 0
			},
			{
				"time": 1564676160,
				"precipIntensity": 0,
				"precipProbability": 0
			},
			{
				"time": 1564676220,
				"precipIntensity": 0,
				"precipProbability": 0
			},
			{
				"time": 1564676280,
				"precipIntensity": 0,
				"precipProbability": 0
			},
			{
				"time": 1564676340,
				"precipIntensity": 0,
				"precipProbability": 0
			},
			{
				"time": 1564676400,
				"precipIntensity": 0,
				"precipProbability": 0
			},
			{
				"time": 1564676460,
				"precipIntensity": 0,
				"precipProbability": 0
			},
			{
				"time": 1564676520,
				"precipIntensity": 0,
				"precipProbability": 0
			},
			{
				"time": 1564676580,
				"precipIntensity": 0,
				"precipProbability": 0
			},
			{
				"time": 1564676640,
				"precipIntensity": 0,
				"precipProbability": 0
			},
			{
				"time": 1564676700,
				"precipIntensity": 0,
				"precipProbability": 0
			},
			{
				"time": 1564676760,
				"precipIntensity": 0,
				"precipProbability": 0
			},
			{
				"time": 1564676820,
				"precipIntensity": 0,
				"precipProbability": 0
			},
			{
				"time": 1564676880,
				"precipIntensity": 0,
				"precipProbability": 0
			},
			{
				"time": 1564676940,
				"precipIntensity": 0,
				"precipProbability": 0
			},
			{
				"time": 1564677000,
				"precipIntensity": 0,
				"precipProbability": 0
			},
			{
				"time": 1564677060,
				"precipIntensity": 0,
				"precipProbability": 0
			},
			{
				"time": 1564677120,
				"precipIntensity": 0,
				"precipProbability": 0
			},
			{
				"time": 1564677180,
				"precipIntensity": 0,
				"precipProbability": 0
			},
			{
				"time": 1564677240,
				"precipIntensity": 0,
				"precipProbability": 0
			},
			{
				"time": 1564677300,
				"precipIntensity": 0,
				"precipProbability": 0
			},
			{
				"time": 1564677360,
				"precipIntensity": 0,
				"precipProbability": 0
			},
			{
				"time": 1564677420,
				"precipIntensity": 0,
				"precipProbability": 0
			},
			{
				"time": 1564677480,
				"precipIntensity": 0,
				"precipProbability": 0
			},
			{
				"time": 1564677540,
				"precipIntensity": 0,
				"precipProbability": 0
			},
			{
				"time": 1564677600,
				"precipIntensity": 0,
				"precipProbability": 0
			},
			{
				"time": 1564677660,
				"precipIntensity": 0,
				"precipProbability": 0
			},
			{
				"time": 1564677720,
				"precipIntensity": 0,
				"precipProbability": 0
			},
			{
				"time": 1564677780,
				"precipIntensity": 0,
				"precipProbability": 0
			},
			{
				"time": 1564677840,
				"precipIntensity": 0,
				"precipProbability": 0
			},
			{
				"time": 1564677900,
				"precipIntensity": 0,
				"precipProbability": 0
			},
			{
				"time": 1564677960,
				"precipIntensity": 0,
				"precipProbability": 0
			},
			{
				"time": 1564678020,
				"precipIntensity": 0,
				"precipProbability": 0
			},
			{
				"time": 1564678080,
				"precipIntensity": 0,
				"precipProbability": 0
			},
			{
				"time": 1564678140,
				"precipIntensity": 0,
				"precipProbability": 0
			},
			{
				"time": 1564678200,
				"precipIntensity": 0,
				"precipProbability": 0
			},
			{
				"time": 1564678260,
				"precipIntensity": 0,
				"precipProbability": 0
			},
			{
				"time": 1564678320,
				"precipIntensity": 0,
				"precipProbability": 0
			},
			{
				"time": 1564678380,
				"precipIntensity": 0,
				"precipProbability": 0
			},
			{
				"time": 1564678440,
				"precipIntensity": 0,
				"precipProbability": 0
			},
			{
				"time": 1564678500,
				"precipIntensity": 0,
				"precipProbability": 0
			},
			{
				"time": 1564678560,
				"precipIntensity": 0,
				"precipProbability": 0
			},
			{
				"time": 1564678620,
				"precipIntensity": 0,
				"precipProbability": 0
			},
			{
				"time": 1564678680,
				"precipIntensity": 0,
				"precipProbability": 0
			},
			{
				"time": 1564678740,
				"precipIntensity": 0,
				"precipProbability": 0
			},
			{
				"time": 1564678800,
				"precipIntensity": 0,
				"precipProbability": 0
			},
			{
				"time": 1564678860,
				"precipIntensity": 0,
				"precipProbability": 0
			},
			{
				"time": 1564678920,
				"precipIntensity": 0,
				"precipProbability": 0
			},
			{
				"time": 1564678980,
				"precipIntensity": 0,
				"precipProbability": 0
			},
			{
				"time": 1564679040,
				"precipIntensity": 0,
				"precipProbability": 0
			},
			{
				"time": 1564679100,
				"precipIntensity": 0,
				"precipProbability": 0
			}
		]
	},
	"hourly": {
		"summary": "Partly cloudy throughout the day.",
		"icon": "partly-cloudy-day",
		"data": [
			{
				"time": 1564675200,
				"summary": "Mostly Cloudy",
				"icon": "partly-cloudy-day",
				"precipIntensity": 0,
				"precipProbability": 0,
				"temperature": 58.48,
				"apparentTemperature": 58.48,
				"dewPoint": 54.79,
				"humidity": 0.88,
				"pressure": 1017.12,
				"windSpeed": 7.44,
				"windGust": 9.49,
				"windBearing": 226,
				"cloudCover": 0.83,
				"uvIndex": 2,
				"visibility": 10,
				"ozone": 308
			},
			{
				"time": 1564678800,
				"summary": "Mostly Cloudy",
				"icon": "partly-cloudy-day",
				"precipIntensity": 0,
				"precipProbability": 0,
				"temperature": 59.95,
				"apparentTemperature": 59.95,
				"dewPoint": 54.91,
				"humidity": 0.83,
				"pressure": 1017.7,
				"windSpeed": 7.88,
				"windGust": 9.52,
				"windBearing": 227,
				"cloudCover": 0.8,
				"uvIndex": 3,
				"visibility": 10,
				"ozone": 307.6
			},
			{
				"time": 1564682400,
				"summary": "Mostly Cloudy",
				"icon": "partly-cloudy-day",
				"precipIntensity": 0,
				"precipProbability": 0,
				"temperature": 60.49,
				"apparentTemperature": 60.49,
				"dewPoint": 55.12,
				"humidity": 0.82,
				"pressure": 1017.49,
				"windSpeed": 8.89,
				"windGust": 10.88,
				"windBearing": 230,
				"cloudCover": 0.6,
				"uvIndex": 5,
				"visibility": 10,
				"ozone": 307.1
			},
			{
				"time": 1564686000,
				"summary": "Partly Cloudy",
				"icon": "partly-cloudy-day",
				"precipIntensity": 0,
				"precipProbability": 0,
				"temperature": 60.76,
				"apparentTemperature": 60.76,
				"dewPoint": 55.26,
				"humidity": 0.82,
				"pressure": 1017.47,
				"windSpeed": 9.95,
				"windGust": 12.88,
				"windBearing": 238,
				"cloudCover": 0.42,
				"uvIndex": 7,
				"visibility": 10,
				"ozone": 306.6
			},
			{
				"time": 1564689600,
				"summary": "Partly Cloudy",
				"icon": "partly-cloudy-day",
				"precipIntensity": 0,
				"precipProbability": 0,
				"temperature": 61.73,
				"apparentTemperature": 61.73,
				"dewPoint": 55.42,
				"humidity": 0.8,
				"pressure": 1017.04,
				"windSpeed": 11.04,
				"windGust": 15.25,
				"windBearing": 246,
				"cloudCover": 0.35,
				"uvIndex": 8,
				"visibility": 10,
				"ozone": 306.2
			},
			{
				"time": 1564693200,
				"summary": "Partly Cloudy",
				"icon": "partly-cloudy-day",
				"precipIntensity": 0,
				"precipProbability": 0,
				"temperature": 63.19,
				"apparentTemperature": 63.19,
				"dewPoint": 55.72,
				"humidity": 0.77,
				"pressure": 1016.85,
				"windSpeed": 11.82,
				"windGust": 17.69,
				"windBearing": 249,
				"cloudCover": 0.29,
				"uvIndex": 8,
				"visibility": 10,
				"ozone": 305.6
			},
			{
				"time": 1564696800,
				"summary": "Partly Cloudy",
				"icon": "partly-cloudy-day",
				"precipIntensity": 0,
				"precipProbability": 0,
				"temperature": 64.32,
				"apparentTemperature": 64.32,
				"dewPoint": 56.07,
				"humidity": 0.75,
				"pressure": 1016.53,
				"windSpeed": 12.5,
				"windGust": 19.44,
				"windBearing": 235,
				"cloudCover": 0.27,
				"uvIndex": 7,
				"visibility": 10,
				"ozone": 304.7
			},
			{
				"time": 1564700400,
				"summary": "Partly Cloudy",
				"icon": "partly-cloudy-day",
				"precipIntensity": 0,
				"precipProbability": 0,
				"temperature": 64.9,
				"apparentTemperature": 64.9,
				"dewPoint": 56.41,
				"humidity": 0.74,
				"pressure": 1016.3,
				"windSpeed": 12.96,
				"windGust": 21.13,
				"windBearing": 271,
				"cloudCover": 0.25,
				"uvIndex": 5,
				"visibility": 10,
				"ozone": 303.8
			},
			{
				"time": 1564704000,
				"summary": "Partly Cloudy",
				"icon": "partly-cloudy-day",
				"precipIntensity": 0,
				"precipProbability": 0,
				"temperature": 65.49,
				"apparentTemperature": 65.49,
				"dewPoint": 56.71,
				"humidity": 0.73,
				"pressure": 1016.01,
				"windSpeed": 13.11,
				"windGust": 22.75,
				"windBearing": 259,
				"cloudCover": 0.25,
				"uvIndex": 3,
				"visibility": 10,
				"ozone": 303.2
			},
			{
				"time": 1564707600,
				"summary": "Partly Cloudy",
				"icon": "partly-cloudy-day",
				"precipIntensity": 0,
				"precipProbability": 0,
				"temperature": 64.5,
				"apparentTemperature": 64.5,
				"dewPoint": 56.87,
				"humidity": 0.76,
				"pressure": 1015.81,
				"windSpeed": 12.99,
				"windGust": 22.72,
				"windBearing": 248,
				"cloudCover": 0.24,
				"uvIndex": 2,
				"visibility": 10,
				"ozone": 303
			},
			{
				"time": 1564711200,
				"summary": "Partly Cloudy",
				"icon": "partly-cloudy-day",
				"precipIntensity": 0.0016,
				"precipProbability": 0.01,
				"precipType": "rain",
				"temperature": 62.95,
				"apparentTemperature": 62.95,
				"dewPoint": 56.87,
				"humidity": 0.81,
				"pressure": 1015.61,
				"windSpeed": 12.32,
				"windGust": 22.83,
				"windBearing": 265,
				"cloudCover": 0.22,
				"uvIndex": 0,
				"visibility": 10,
				"ozone": 303.3
			},
			{
				"time": 1564714800,
				"summary": "Partly Cloudy",
				"icon": "partly-cloudy-day",
				"precipIntensity": 0,
				"precipProbability": 0,
				"temperature": 61.55,
				"apparentTemperature": 61.55,
				"dewPoint": 56.9,
				"humidity": 0.85,
				"pressure": 1015.56,
				"windSpeed": 11.59,
				"windGust": 20.81,
				"windBearing": 260,
				"cloudCover": 0.22,
				"uvIndex": 0,
				"visibility": 10,
				"ozone": 303.6
			},
			{
				"time": 1564718400,
				"summary": "Partly Cloudy",
				"icon": "partly-cloudy-night",
				"precipIntensity": 0,
				"precipProbability": 0,
				"temperature": 60.98,
				"apparentTemperature": 60.98,
				"dewPoint": 56.83,
				"humidity": 0.86,
				"pressure": 1015.81,
				"windSpeed": 10.68,
				"windGust": 18.68,
				"windBearing": 254,
				"cloudCover": 0.22,
				"uvIndex": 0,
				"visibility": 10,
				"ozone": 303.7
			},
			{
				"time": 1564722000,
				"summary": "Partly Cloudy",
				"icon": "partly-cloudy-night",
				"precipIntensity": 0,
				"precipProbability": 0,
				"temperature": 60.52,
				"apparentTemperature": 60.52,
				"dewPoint": 56.73,
				"humidity": 0.87,
				"pressure": 1016.21,
				"windSpeed": 10.05,
				"windGust": 16.69,
				"windBearing": 252,
				"cloudCover": 0.23,
				"uvIndex": 0,
				"visibility": 10,
				"ozone": 303.9
			},
			{
				"time": 1564725600,
				"summary": "Partly Cloudy",
				"icon": "partly-cloudy-night",
				"precipIntensity": 0,
				"precipProbability": 0,
				"temperature": 59.89,
				"apparentTemperature": 59.89,
				"dewPoint": 56.57,
				"humidity": 0.89,
				"pressure": 1016.51,
				"windSpeed": 9.67,
				"windGust": 15.91,
				"windBearing": 263,
				"cloudCover": 0.24,
				"uvIndex": 0,
				"visibility": 10,
				"ozone": 303.9
			},
			{
				"time": 1564729200,
				"summary": "Partly Cloudy",
				"icon": "partly-cloudy-night",
				"precipIntensity": 0.0003,
				"precipProbability": 0.01,
				"precipType": "rain",
				"temperature": 59.41,
				"apparentTemperature": 59.41,
				"dewPoint": 56.38,
				"humidity": 0.9,
				"pressure": 1016.59,
				"windSpeed": 9.34,
				"windGust": 15.22,
				"windBearing": 274,
				"cloudCover": 0.28,
				"uvIndex": 0,
				"visibility": 10,
				"ozone": 303.3
			},
			{
				"time": 1564732800,
				"summary": "Partly Cloudy",
				"icon": "partly-cloudy-night",
				"precipIntensity": 0.0004,
				"precipProbability": 0.01,
				"precipType": "rain",
				"temperature": 59.05,
				"apparentTemperature": 59.05,
				"dewPoint": 56.14,
				"humidity": 0.9,
				"pressure": 1016.55,
				"windSpeed": 9.2,
				"windGust": 14.96,
				"windBearing": 248,
				"cloudCover": 0.32,
				"uvIndex": 0,
				"visibility": 10,
				"ozone": 302.6
			},
			{
				"time": 1564736400,
				"summary": "Partly Cloudy",
				"icon": "partly-cloudy-night",
				"precipIntensity": 0.0007,
				"precipProbability": 0.01,
				"precipType": "rain",
				"temperature": 58.66,
				"apparentTemperature": 58.66,
				"dewPoint": 55.92,
				"humidity": 0.91,
				"pressure": 1016.49,
				"windSpeed": 9.1,
				"windGust": 14.71,
				"windBearing": 258,
				"cloudCover": 0.35,
				"uvIndex": 0,
				"visibility": 10,
				"ozone": 302.4
			},
			{
				"time": 1564740000,
				"summary": "Partly Cloudy",
				"icon": "partly-cloudy-night",
				"precipIntensity": 0,
				"precipProbability": 0,
				"temperature": 57.98,
				"apparentTemperature": 57.98,
				"dewPoint": 55.69,
				"humidity": 0.92,
				"pressure": 1016.35,
				"windSpeed": 9.01,
				"windGust": 14.47,
				"windBearing": 258,
				"cloudCover": 0.38,
				"uvIndex": 0,
				"visibility": 10,
				"ozone": 303.3
			},
			{
				"time": 1564743600,
				"summary": "Partly Cloudy",
				"icon": "partly-cloudy-night",
				"precipIntensity": 0,
				"precipProbability": 0,
				"temperature": 56.87,
				"apparentTemperature": 56.87,
				"dewPoint": 55.47,
				"humidity": 0.95,
				"pressure": 1016.19,
				"windSpeed": 8.97,
				"windGust": 14.25,
				"windBearing": 259,
				"cloudCover": 0.41,
				"uvIndex": 0,
				"visibility": 10,
				"ozone": 304.9
			},
			{
				"time": 1564747200,
				"summary": "Partly Cloudy",
				"icon": "partly-cloudy-night",
				"precipIntensity": 0,
				"precipProbability": 0,
				"temperature": 56.33,
				"apparentTemperature": 56.33,
				"dewPoint": 55.3,
				"humidity": 0.96,
				"pressure": 1016.17,
				"windSpeed": 8.78,
				"windGust": 13.68,
				"windBearing": 259,
				"cloudCover": 0.44,
				"uvIndex": 0,
				"visibility": 10,
				"ozone": 306.3
			},
			{
				"time": 1564750800,
				"summary": "Partly Cloudy",
				"icon": "partly-cloudy-night",
				"precipIntensity": 0.0011,
				"precipProbability": 0.01,
				"precipType": "rain",
				"temperature": 56.25,
				"apparentTemperature": 56.25,
				"dewPoint": 55.2,
				"humidity": 0.96,
				"pressure": 1016.46,
				"windSpeed": 8.27,
				"windGust": 12.46,
				"windBearing": 248,
				"cloudCover": 0.46,
				"uvIndex": 0,
				"visibility": 10,
				"ozone": 307.5
			},
			{
				"time": 1564754400,
				"summary": "Partly Cloudy",
				"icon": "partly-cloudy-day",
				"precipIntensity": 0.0013,
				"precipProbability": 0.01,
				"precipType": "rain",
				"temperature": 56.55,
				"apparentTemperature": 56.55,
				"dewPoint": 55.15,
				"humidity": 0.95,
				"pressure": 1016.89,
				"windSpeed": 7.59,
				"windGust": 10.91,
				"windBearing": 270,
				"cloudCover": 0.49,
				"uvIndex": 0,
				"visibility": 10,
				"ozone": 308.7
			},
			{
				"time": 1564758000,
				"summary": "Partly Cloudy",
				"icon": "partly-cloudy-day",
				"precipIntensity": 0.0014,
				"precipProbability": 0.01,
				"precipType": "rain",
				"temperature": 57.2,
				"apparentTemperature": 57.2,
				"dewPoint": 55.18,
				"humidity": 0.93,
				"pressure": 1017.26,
				"windSpeed": 7.15,
				"windGust": 9.68,
				"windBearing": 258,
				"cloudCover": 0.49,
				"uvIndex": 1,
				"visibility": 10,
				"ozone": 309.7
			},
			{
				"time": 1564761600,
				"summary": "Partly Cloudy",
				"icon": "partly-cloudy-day",
				"precipIntensity": 0,
				"precipProbability": 0,
				"temperature": 57.82,
				"apparentTemperature": 57.82,
				"dewPoint": 55.33,
				"humidity": 0.91,
				"pressure": 1017.53,
				"windSpeed": 7.04,
				"windGust": 8.93,
				"windBearing": 284,
				"cloudCover": 0.46,
				"uvIndex": 2,
				"visibility": 10,
				"ozone": 310.1
			},
			{
				"time": 1564765200,
				"summary": "Partly Cloudy",
				"icon": "partly-cloudy-day",
				"precipIntensity": 0,
				"precipProbability": 0,
				"temperature": 59.41,
				"apparentTemperature": 59.41,
				"dewPoint": 55.55,
				"humidity": 0.87,
				"pressure": 1017.72,
				"windSpeed": 7.15,
				"windGust": 8.5,
				"windBearing": 216,
				"cloudCover": 0.42,
				"uvIndex": 4,
				"visibility": 10,
				"ozone": 310.3
			},
			{
				"time": 1564768800,
				"summary": "Partly Cloudy",
				"icon": "partly-cloudy-day",
				"precipIntensity": 0,
				"precipProbability": 0,
				"temperature": 60.82,
				"apparentTemperature": 60.82,
				"dewPoint": 55.8,
				"humidity": 0.84,
				"pressure": 1017.77,
				"windSpeed": 7.54,
				"windGust": 8.68,
				"windBearing": 247,
				"cloudCover": 0.39,
				"uvIndex": 6,
				"visibility": 10,
				"ozone": 310.4
			},
			{
				"time": 1564772400,
				"summary": "Partly Cloudy",
				"icon": "partly-cloudy-day",
				"precipIntensity": 0,
				"precipProbability": 0,
				"temperature": 62.14,
				"apparentTemperature": 62.14,
				"dewPoint": 56.08,
				"humidity": 0.81,
				"pressure": 1017.69,
				"windSpeed": 8.29,
				"windGust": 9.57,
				"windBearing": 249,
				"cloudCover": 0.35,
				"uvIndex": 7,
				"visibility": 10,
				"ozone": 310.5
			},
			{
				"time": 1564776000,
				"summary": "Partly Cloudy",
				"icon": "partly-cloudy-day",
				"precipIntensity": 0,
				"precipProbability": 0,
				"temperature": 63.47,
				"apparentTemperature": 63.47,
				"dewPoint": 56.38,
				"humidity": 0.78,
				"pressure": 1017.47,
				"windSpeed": 9.31,
				"windGust": 10.99,
				"windBearing": 251,
				"cloudCover": 0.32,
				"uvIndex": 8,
				"visibility": 10,
				"ozone": 310.5
			},
			{
				"time": 1564779600,
				"summary": "Partly Cloudy",
				"icon": "partly-cloudy-day",
				"precipIntensity": 0,
				"precipProbability": 0,
				"temperature": 65.39,
				"apparentTemperature": 65.39,
				"dewPoint": 56.64,
				"humidity": 0.73,
				"pressure": 1017.17,
				"windSpeed": 10.27,
				"windGust": 12.62,
				"windBearing": 251,
				"cloudCover": 0.28,
				"uvIndex": 8,
				"visibility": 10,
				"ozone": 310.5
			},
			{
				"time": 1564783200,
				"summary": "Partly Cloudy",
				"icon": "partly-cloudy-day",
				"precipIntensity": 0,
				"precipProbability": 0,
				"temperature": 66.76,
				"apparentTemperature": 66.76,
				"dewPoint": 56.81,
				"humidity": 0.7,
				"pressure": 1016.69,
				"windSpeed": 11.24,
				"windGust": 14.74,
				"windBearing": 222,
				"cloudCover": 0.26,
				"uvIndex": 7,
				"visibility": 10,
				"ozone": 310.7
			},
			{
				"time": 1564786800,
				"summary": "Partly Cloudy",
				"icon": "partly-cloudy-day",
				"precipIntensity": 0,
				"precipProbability": 0,
				"temperature": 67.43,
				"apparentTemperature": 67.43,
				"dewPoint": 56.96,
				"humidity": 0.69,
				"pressure": 1016.16,
				"windSpeed": 12.14,
				"windGust": 17.03,
				"windBearing": 296,
				"cloudCover": 0.23,
				"uvIndex": 5,
				"visibility": 10,
				"ozone": 310.8
			},
			{
				"time": 1564790400,
				"summary": "Partly Cloudy",
				"icon": "partly-cloudy-day",
				"precipIntensity": 0,
				"precipProbability": 0,
				"temperature": 67.57,
				"apparentTemperature": 67.57,
				"dewPoint": 57.13,
				"humidity": 0.69,
				"pressure": 1015.72,
				"windSpeed": 12.51,
				"windGust": 18.3,
				"windBearing": 265,
				"cloudCover": 0.21,
				"uvIndex": 3,
				"visibility": 10,
				"ozone": 310.9
			},
			{
				"time": 1564794000,
				"summary": "Partly Cloudy",
				"icon": "partly-cloudy-day",
				"precipIntensity": 0,
				"precipProbability": 0,
				"temperature": 66.35,
				"apparentTemperature": 66.35,
				"dewPoint": 57.33,
				"humidity": 0.73,
				"pressure": 1015.48,
				"windSpeed": 11.98,
				"windGust": 17.71,
				"windBearing": 262,
				"cloudCover": 0.19,
				"uvIndex": 1,
				"visibility": 10,
				"ozone": 310.8
			},
			{
				"time": 1564797600,
				"summary": "Partly Cloudy",
				"icon": "partly-cloudy-day",
				"precipIntensity": 0,
				"precipProbability": 0,
				"temperature": 64.15,
				"apparentTemperature": 64.15,
				"dewPoint": 57.55,
				"humidity": 0.79,
				"pressure": 1015.34,
				"windSpeed": 10.88,
				"windGust": 16.04,
				"windBearing": 261,
				"cloudCover": 0.17,
				"uvIndex": 0,
				"visibility": 10,
				"ozone": 310.5
			},
			{
				"time": 1564801200,
				"summary": "Partly Cloudy",
				"icon": "partly-cloudy-day",
				"precipIntensity": 0,
				"precipProbability": 0,
				"temperature": 62.62,
				"apparentTemperature": 62.62,
				"dewPoint": 57.72,
				"humidity": 0.84,
				"pressure": 1015.32,
				"windSpeed": 9.77,
				"windGust": 14.34,
				"windBearing": 262,
				"cloudCover": 0.16,
				"uvIndex": 0,
				"visibility": 10,
				"ozone": 310.1
			},
			{
				"time": 1564804800,
				"summary": "Partly Cloudy",
				"icon": "partly-cloudy-night",
				"precipIntensity": 0,
				"precipProbability": 0,
				"temperature": 61.76,
				"apparentTemperature": 61.76,
				"dewPoint": 57.82,
				"humidity": 0.87,
				"pressure": 1015.5,
				"windSpeed": 8.79,
				"windGust": 12.88,
				"windBearing": 260,
				"cloudCover": 0.16,
				"uvIndex": 0,
				"visibility": 10,
				"ozone": 309.3
			},
			{
				"time": 1564808400,
				"summary": "Partly Cloudy",
				"icon": "partly-cloudy-night",
				"precipIntensity": 0,
				"precipProbability": 0,
				"temperature": 61.1,
				"apparentTemperature": 61.1,
				"dewPoint": 57.86,
				"humidity": 0.89,
				"pressure": 1015.79,
				"windSpeed": 7.83,
				"windGust": 11.44,
				"windBearing": 258,
				"cloudCover": 0.17,
				"uvIndex": 0,
				"visibility": 10,
				"ozone": 308.3
			},
			{
				"time": 1564812000,
				"summary": "Partly Cloudy",
				"icon": "partly-cloudy-night",
				"precipIntensity": 0,
				"precipProbability": 0,
				"temperature": 60.63,
				"apparentTemperature": 60.64,
				"dewPoint": 57.83,
				"humidity": 0.9,
				"pressure": 1015.95,
				"windSpeed": 7.08,
				"windGust": 10.27,
				"windBearing": 256,
				"cloudCover": 0.2,
				"uvIndex": 0,
				"visibility": 10,
				"ozone": 307.5
			},
			{
				"time": 1564815600,
				"summary": "Partly Cloudy",
				"icon": "partly-cloudy-night",
				"precipIntensity": 0,
				"precipProbability": 0,
				"temperature": 60.15,
				"apparentTemperature": 60.18,
				"dewPoint": 57.72,
				"humidity": 0.92,
				"pressure": 1015.87,
				"windSpeed": 6.72,
				"windGust": 9.56,
				"windBearing": 263,
				"cloudCover": 0.28,
				"uvIndex": 0,
				"visibility": 10,
				"ozone": 306.9
			},
			{
				"time": 1564819200,
				"summary": "Partly Cloudy",
				"icon": "partly-cloudy-night",
				"precipIntensity": 0.0012,
				"precipProbability": 0.01,
				"precipType": "rain",
				"temperature": 59.87,
				"apparentTemperature": 59.88,
				"dewPoint": 57.55,
				"humidity": 0.92,
				"pressure": 1015.66,
				"windSpeed": 6.56,
				"windGust": 9.14,
				"windBearing": 236,
				"cloudCover": 0.39,
				"uvIndex": 0,
				"visibility": 10,
				"ozone": 306.5
			},
			{
				"time": 1564822800,
				"summary": "Partly Cloudy",
				"icon": "partly-cloudy-night",
				"precipIntensity": 0.0016,
				"precipProbability": 0.01,
				"precipType": "rain",
				"temperature": 59.57,
				"apparentTemperature": 59.57,
				"dewPoint": 57.37,
				"humidity": 0.92,
				"pressure": 1015.4,
				"windSpeed": 6.34,
				"windGust": 8.74,
				"windBearing": 247,
				"cloudCover": 0.47,
				"uvIndex": 0,
				"visibility": 10,
				"ozone": 306.2
			},
			{
				"time": 1564826400,
				"summary": "Mostly Cloudy",
				"icon": "partly-cloudy-night",
				"precipIntensity": 0.0017,
				"precipProbability": 0.01,
				"precipType": "rain",
				"temperature": 59.05,
				"apparentTemperature": 59.05,
				"dewPoint": 57.16,
				"humidity": 0.93,
				"pressure": 1015.02,
				"windSpeed": 5.93,
				"windGust": 8.31,
				"windBearing": 254,
				"cloudCover": 0.51,
				"uvIndex": 0,
				"visibility": 10,
				"ozone": 305.7
			},
			{
				"time": 1564830000,
				"summary": "Mostly Cloudy",
				"icon": "partly-cloudy-night",
				"precipIntensity": 0.0016,
				"precipProbability": 0.01,
				"precipType": "rain",
				"temperature": 58.16,
				"apparentTemperature": 58.18,
				"dewPoint": 56.95,
				"humidity": 0.96,
				"pressure": 1014.57,
				"windSpeed": 5.44,
				"windGust": 7.9,
				"windBearing": 231,
				"cloudCover": 0.54,
				"uvIndex": 0,
				"visibility": 10,
				"ozone": 305.3
			},
			{
				"time": 1564833600,
				"summary": "Mostly Cloudy",
				"icon": "partly-cloudy-night",
				"precipIntensity": 0.0014,
				"precipProbability": 0.01,
				"precipType": "rain",
				"temperature": 57.7,
				"apparentTemperature": 57.71,
				"dewPoint": 56.77,
				"humidity": 0.97,
				"pressure": 1014.32,
				"windSpeed": 5.02,
				"windGust": 7.4,
				"windBearing": 239,
				"cloudCover": 0.56,
				"uvIndex": 0,
				"visibility": 10,
				"ozone": 305.2
			},
			{
				"time": 1564837200,
				"summary": "Mostly Cloudy",
				"icon": "partly-cloudy-night",
				"precipIntensity": 0.0013,
				"precipProbability": 0.01,
				"precipType": "rain",
				"temperature": 57.37,
				"apparentTemperature": 57.39,
				"dewPoint": 56.63,
				"humidity": 0.97,
				"pressure": 1014.44,
				"windSpeed": 4.62,
				"windGust": 6.64,
				"windBearing": 237,
				"cloudCover": 0.59,
				"uvIndex": 0,
				"visibility": 10,
				"ozone": 305.5
			},
			{
				"time": 1564840800,
				"summary": "Mostly Cloudy",
				"icon": "partly-cloudy-day",
				"precipIntensity": 0.0011,
				"precipProbability": 0.01,
				"precipType": "rain",
				"temperature": 57.28,
				"apparentTemperature": 57.29,
				"dewPoint": 56.52,
				"humidity": 0.97,
				"pressure": 1014.74,
				"windSpeed": 4.27,
				"windGust": 5.8,
				"windBearing": 213,
				"cloudCover": 0.62,
				"uvIndex": 0,
				"visibility": 10,
				"ozone": 306.1
			},
			{
				"time": 1564844400,
				"summary": "Mostly Cloudy",
				"icon": "partly-cloudy-day",
				"precipIntensity": 0,
				"precipProbability": 0,
				"temperature": 57.56,
				"apparentTemperature": 57.56,
				"dewPoint": 56.49,
				"humidity": 0.96,
				"pressure": 1014.95,
				"windSpeed": 4.16,
				"windGust": 5.24,
				"windBearing": 218,
				"cloudCover": 0.63,
				"uvIndex": 1,
				"visibility": 10,
				"ozone": 306.4
			},
			{
				"time": 1564848000,
				"summary": "Mostly Cloudy",
				"icon": "partly-cloudy-day",
				"precipIntensity": 0,
				"precipProbability": 0,
				"temperature": 58.44,
				"apparentTemperature": 58.44,
				"dewPoint": 56.59,
				"humidity": 0.94,
				"pressure": 1014.96,
				"windSpeed": 4.37,
				"windGust": 5.16,
				"windBearing": 221,
				"cloudCover": 0.62,
				"uvIndex": 2,
				"visibility": 10,
				"ozone": 306.3
			}
		]
	},
	"daily": {
		"summary": "No precipitation throughout the week, with high temperatures peaking at 69°F on Saturday.",
		"icon": "clear-day",
		"data": [
			{
				"time": 1564642800,
				"summary": "Partly cloudy throughout the day.",
				"icon": "partly-cloudy-day",
				"sunriseTime": 1564665267,
				"sunsetTime": 1564716006,
				"moonPhase": 0.04,
				"precipIntensity": 0.0003,
				"precipIntensityMax": 0.0016,
				"precipIntensityMaxTime": 1564711200,
				"precipProbability": 0.01,
				"precipType": "rain",
				"temperatureHigh": 65.49,
				"temperatureHighTime": 1564704000,
				"temperatureLow": 56.25,
				"temperatureLowTime": 1564750800,
				"apparentTemperatureHigh": 65.49,
				"apparentTemperatureHighTime": 1564704000,
				"apparentTemperatureLow": 56.25,
				"apparentTemperatureLowTime": 1564750800,
				"dewPoint": 55.47,
				"humidity": 0.84,
				"pressure": 1016.16,
				"windSpeed": 9.6,
				"windGust": 22.83,
				"windGustTime": 1564711200,
				"windBearing": 245,
				"cloudCover": 0.46,
				"uvIndex": 8,
				"uvIndexTime": 1564693200,
				"visibility": 9.946,
				"ozone": 306.1,
				"temperatureMin": 57.38,
				"temperatureMinTime": 1564660800,
				"temperatureMax": 65.49,
				"temperatureMaxTime": 1564704000,
				"apparentTemperatureMin": 57.38,
				"apparentTemperatureMinTime": 1564660800,
				"apparentTemperatureMax": 65.49,
				"apparentTemperatureMaxTime": 1564704000
			},
			{
				"time": 1564729200,
				"summary": "Partly cloudy throughout the day.",
				"icon": "partly-cloudy-day",
				"sunriseTime": 1564751719,
				"sunsetTime": 1564802348,
				"moonPhase": 0.08,
				"precipIntensity": 0.0005,
				"precipIntensityMax": 0.0014,
				"precipIntensityMaxTime": 1564758000,
				"precipProbability": 0.01,
				"precipType": "rain",
				"temperatureHigh": 67.57,
				"temperatureHighTime": 1564790400,
				"temperatureLow": 57.28,
				"temperatureLowTime": 1564840800,
				"apparentTemperatureHigh": 67.57,
				"apparentTemperatureHighTime": 1564790400,
				"apparentTemperatureLow": 57.29,
				"apparentTemperatureLowTime": 1564840800,
				"dewPoint": 56.44,
				"humidity": 0.85,
				"pressure": 1016.49,
				"windSpeed": 9.04,
				"windGust": 18.3,
				"windGustTime": 1564790400,
				"windBearing": 257,
				"cloudCover": 0.32,
				"uvIndex": 8,
				"uvIndexTime": 1564776000,
				"visibility": 10,
				"ozone": 308.3,
				"temperatureMin": 56.25,
				"temperatureMinTime": 1564750800,
				"temperatureMax": 67.57,
				"temperatureMaxTime": 1564790400,
				"apparentTemperatureMin": 56.25,
				"apparentTemperatureMinTime": 1564750800,
				"apparentTemperatureMax": 67.57,
				"apparentTemperatureMaxTime": 1564790400
			},
			{
				"time": 1564815600,
				"summary": "Mostly cloudy throughout the day.",
				"icon": "partly-cloudy-day",
				"sunriseTime": 1564838170,
				"sunsetTime": 1564888688,
				"moonPhase": 0.12,
				"precipIntensity": 0.0006,
				"precipIntensityMax": 0.0017,
				"precipIntensityMaxTime": 1564826400,
				"precipProbability": 0.01,
				"precipType": "rain",
				"temperatureHigh": 69.14,
				"temperatureHighTime": 1564869600,
				"temperatureLow": 55.26,
				"temperatureLowTime": 1564927200,
				"apparentTemperatureHigh": 69.14,
				"apparentTemperatureHighTime": 1564869600,
				"apparentTemperatureLow": 55.26,
				"apparentTemperatureLowTime": 1564927200,
				"dewPoint": 57.17,
				"humidity": 0.85,
				"pressure": 1013.99,
				"windSpeed": 7.24,
				"windGust": 15.04,
				"windGustTime": 1564880400,
				"windBearing": 244,
				"cloudCover": 0.54,
				"uvIndex": 7,
				"uvIndexTime": 1564866000,
				"visibility": 10,
				"ozone": 306.5,
				"temperatureMin": 57.28,
				"temperatureMinTime": 1564840800,
				"temperatureMax": 69.14,
				"temperatureMaxTime": 1564869600,
				"apparentTemperatureMin": 57.29,
				"apparentTemperatureMinTime": 1564840800,
				"apparentTemperatureMax": 69.14,
				"apparentTemperatureMaxTime": 1564869600
			},
			{
				"time": 1564902000,
				"summary": "Mostly cloudy throughout the day.",
				"icon": "partly-cloudy-day",
				"sunriseTime": 1564924622,
				"sunsetTime": 1564975027,
				"moonPhase": 0.16,
				"precipIntensity": 0.0006,
				"precipIntensityMax": 0.0016,
				"precipIntensityMaxTime": 1564930800,
				"precipProbability": 0.04,
				"precipType": "rain",
				"temperatureHigh": 62.16,
				"temperatureHighTime": 1564966800,
				"temperatureLow": 57.34,
				"temperatureLowTime": 1565017200,
				"apparentTemperatureHigh": 62.16,
				"apparentTemperatureHighTime": 1564966800,
				"apparentTemperatureLow": 57.34,
				"apparentTemperatureLowTime": 1565017200,
				"dewPoint": 55.74,
				"humidity": 0.91,
				"pressure": 1013.06,
				"windSpeed": 9.28,
				"windGust": 16.85,
				"windGustTime": 1564966800,
				"windBearing": 238,
				"cloudCover": 0.54,
				"uvIndex": 7,
				"uvIndexTime": 1564952400,
				"visibility": 9.848,
				"ozone": 307.2,
				"temperatureMin": 55.26,
				"temperatureMinTime": 1564927200,
				"temperatureMax": 62.16,
				"temperatureMaxTime": 1564966800,
				"apparentTemperatureMin": 55.26,
				"apparentTemperatureMinTime": 1564927200,
				"apparentTemperatureMax": 62.16,
				"apparentTemperatureMaxTime": 1564966800
			},
			{
				"time": 1564988400,
				"summary": "Mostly cloudy throughout the day.",
				"icon": "partly-cloudy-day",
				"sunriseTime": 1565011074,
				"sunsetTime": 1565061365,
				"moonPhase": 0.19,
				"precipIntensity": 0.0001,
				"precipIntensityMax": 0.0004,
				"precipIntensityMaxTime": 1565071200,
				"precipProbability": 0.01,
				"precipType": "rain",
				"temperatureHigh": 64.04,
				"temperatureHighTime": 1565042400,
				"temperatureLow": 56.91,
				"temperatureLowTime": 1565089200,
				"apparentTemperatureHigh": 64.04,
				"apparentTemperatureHighTime": 1565042400,
				"apparentTemperatureLow": 56.91,
				"apparentTemperatureLowTime": 1565089200,
				"dewPoint": 54.86,
				"humidity": 0.84,
				"pressure": 1012.99,
				"windSpeed": 9.39,
				"windGust": 16.65,
				"windGustTime": 1565049600,
				"windBearing": 231,
				"cloudCover": 0.78,
				"uvIndex": 7,
				"uvIndexTime": 1565038800,
				"visibility": 10,
				"ozone": 292.4,
				"temperatureMin": 57.34,
				"temperatureMinTime": 1565017200,
				"temperatureMax": 64.04,
				"temperatureMaxTime": 1565042400,
				"apparentTemperatureMin": 57.34,
				"apparentTemperatureMinTime": 1565017200,
				"apparentTemperatureMax": 64.04,
				"apparentTemperatureMaxTime": 1565042400
			},
			{
				"time": 1565074800,
				"summary": "Mostly cloudy throughout the day.",
				"icon": "partly-cloudy-day",
				"sunriseTime": 1565097527,
				"sunsetTime": 1565147701,
				"moonPhase": 0.23,
				"precipIntensity": 0,
				"precipIntensityMax": 0.0003,
				"precipIntensityMaxTime": 1565074800,
				"precipProbability": 0.01,
				"temperatureHigh": 62.09,
				"temperatureHighTime": 1565128800,
				"temperatureLow": 57.64,
				"temperatureLowTime": 1565179200,
				"apparentTemperatureHigh": 62.09,
				"apparentTemperatureHighTime": 1565128800,
				"apparentTemperatureLow": 57.64,
				"apparentTemperatureLowTime": 1565179200,
				"dewPoint": 53.72,
				"humidity": 0.82,
				"pressure": 1014.02,
				"windSpeed": 10.78,
				"windGust": 20.9,
				"windGustTime": 1565157600,
				"windBearing": 245,
				"cloudCover": 0.75,
				"uvIndex": 7,
				"uvIndexTime": 1565125200,
				"visibility": 10,
				"ozone": 293.6,
				"temperatureMin": 56.91,
				"temperatureMinTime": 1565089200,
				"temperatureMax": 62.09,
				"temperatureMaxTime": 1565128800,
				"apparentTemperatureMin": 56.91,
				"apparentTemperatureMinTime": 1565089200,
				"apparentTemperatureMax": 62.09,
				"apparentTemperatureMaxTime": 1565128800
			},
			{
				"time": 1565161200,
				"summary": "Mostly cloudy throughout the day.",
				"icon": "partly-cloudy-day",
				"sunriseTime": 1565183979,
				"sunsetTime": 1565234036,
				"moonPhase": 0.27,
				"precipIntensity": 0,
				"precipIntensityMax": 0,
				"precipIntensityMaxTime": 1565211600,
				"precipProbability": 0,
				"temperatureHigh": 65.02,
				"temperatureHighTime": 1565215200,
				"temperatureLow": 57.58,
				"temperatureLowTime": 1565265600,
				"apparentTemperatureHigh": 65.02,
				"apparentTemperatureHighTime": 1565215200,
				"apparentTemperatureLow": 57.58,
				"apparentTemperatureLowTime": 1565265600,
				"dewPoint": 54.11,
				"humidity": 0.8,
				"pressure": 1015.12,
				"windSpeed": 9.54,
				"windGust": 20.72,
				"windGustTime": 1565161200,
				"windBearing": 262,
				"cloudCover": 0.38,
				"uvIndex": 9,
				"uvIndexTime": 1565211600,
				"visibility": 10,
				"ozone": 301.5,
				"temperatureMin": 57.64,
				"temperatureMinTime": 1565179200,
				"temperatureMax": 65.02,
				"temperatureMaxTime": 1565215200,
				"apparentTemperatureMin": 57.64,
				"apparentTemperatureMinTime": 1565179200,
				"apparentTemperatureMax": 65.02,
				"apparentTemperatureMaxTime": 1565215200
			},
			{
				"time": 1565247600,
				"summary": "Partly cloudy throughout the day.",
				"icon": "clear-day",
				"sunriseTime": 1565270431,
				"sunsetTime": 1565320370,
				"moonPhase": 0.3,
				"precipIntensity": 0.0003,
				"precipIntensityMax": 0.0006,
				"precipIntensityMaxTime": 1565269200,
				"precipProbability": 0.02,
				"precipType": "rain",
				"temperatureHigh": 66.17,
				"temperatureHighTime": 1565301600,
				"temperatureLow": 59.07,
				"temperatureLowTime": 1565352000,
				"apparentTemperatureHigh": 66.17,
				"apparentTemperatureHighTime": 1565301600,
				"apparentTemperatureLow": 59.07,
				"apparentTemperatureLowTime": 1565352000,
				"dewPoint": 55.32,
				"humidity": 0.82,
				"pressure": 1014.96,
				"windSpeed": 7.98,
				"windGust": 18.09,
				"windGustTime": 1565308800,
				"windBearing": 254,
				"cloudCover": 0.04,
				"uvIndex": 9,
				"uvIndexTime": 1565294400,
				"visibility": 10,
				"ozone": 306.7,
				"temperatureMin": 57.58,
				"temperatureMinTime": 1565265600,
				"temperatureMax": 66.17,
				"temperatureMaxTime": 1565301600,
				"apparentTemperatureMin": 57.58,
				"apparentTemperatureMinTime": 1565265600,
				"apparentTemperatureMax": 66.17,
				"apparentTemperatureMaxTime": 1565301600
			}
		]
	},
	"flags": {
		"sources": [
			"nwspa",
			"cmc",
			"gfs",
			"hrrr",
			"icon",
			"isd",
			"madis",
			"nam",
			"sref",
			"darksky",
			"nearest-precip"
		],
		"nearest-station": 1.835,
		"units": "us"
	},
	"offset": -7
}